3M UNITED KINGDOM PUBLIC LIMITED COMPANY,1123045,14,8
A & P FALMOUTH LIMITED,103287,34,29
A KHAN RESTAURANTS LIMITED,8132730,-3,0
A.J.N. STEELSTOCK LTD.,689647,16.7,-9.5
A3D2 Ltd.,3506401,-5,-7
Abbotsford Care (Glenrothes) Ltd.,SC370558,-1.3,0
Aberlour Child Care Trust,SC312912,7,0
ABINGDON FLOORING LIMITED,4923718,11.3,6.8
Academies Enterprise Trust,6625091,24.3,34.6
Accenture (UK) Ltd.,4757301,16.7,10.2
ACCESSIBLE TRANSPORT GROUP CONTRACT SERVICES LIMITED,8339288,1,0
Acenta Steel Ltd.,3725308,7.2,3.4
ACHILLES INFORMATION LIMITED,SC137975,23,5
Aci Worldwide (Emea) Ltd.,2310474,11.9,20.3
Acorns Children's Hospice Trust,2036103,10.5,2.4
ADARE INTERNATIONAL LIMITED,1610897,24.7,13.6
ADNAMS PLC,31114,10,9
Advanced Travel Partners UK Ltd,2515255,30,26
"Advisory, Conciliation and Arbitration Service",,7.1,0
AECOM INFRASTRUCTURE & ENVIRONMENT UK LIMITED,880328,21.4,21.2
AECOM LIMITED,1846493,21.5,21.9
AFLEX HOSE LIMITED,1088141,2.9,-3.5
Age Concern Essex,4309519,25.9,6.4
Age UK North Tyneside,1763579,4.7,0
Aim Aviation (Jecco) Ltd.,1004276,29.9,34.3
Air Business Ltd.,1977067,4.8,8.9
Airbus Defence And Space Ltd.,2449259,19.1,20.4
Airbus Operations Ltd.,3468788,2.3,-0.3
AKQA LIMITED,2964394,32.6,30.5
ALCOHOL & DRUGS ACTION,SC094162,0.7,2.1
Aldermore Bank PLC,947662,29.9,35.7
ALDI STORES LIMITED,2321869,11.5,4.8
Alliance Disposables Ltd.,3747333,0.7,-4.5
Alliance In Partnership Ltd.,3577003,25.1,11.9
ALLIANCE MEDICAL LIMITED,2128897,20,21
ALPHA PLUS GROUP LIMITED,438111,16.5,14.8
ALTON CARS LIMITED,1469019,30,29.1
Amber Valley Borough Council,,5.4,-15.6
AMEC FOSTER WHEELER ENVIRONMENT & INFRASTRUCTURE UK LIMITED,2190074,22,27.5
AMEC FOSTER WHEELER GROUP LIMITED,4612748,21.3,26.8
AMEC FOSTER WHEELER NUCLEAR UK LIMITED,1120437,24.8,31.3
AMERICAN GOLF DISCOUNT CENTRE LIMITED,1720832,-5.8,-1.2
Amersham and Wycombe College,,11.4,16.3
AMETHYST ACADEMIES TRUST,8310900,8.3,18.7
AMTICO INTERNATIONAL LIMITED,2303706,8.4,-1.3
Anchor Group Services Ltd,5992301,4,2
ANCHOR SECURITY SERVICES LIMITED,2548101,4,2
ANGARD STAFFING SOLUTIONS LIMITED,5770579,0.9,2.5
Anglian Water Services Ltd.,2366656,10.1,16.9
Apollo Fire Detectors Ltd.,1483208,27,17
APPH LIMITED,1972451,-2,-11
Arjo Wiggins Fine Papers Ltd.,961440,3.2,0.7
Arnold Clark Automobiles Ltd.,SC036386,14.6,10.8
Arnold Clark Finance Ltd..,SC039597,-5.2,-15
ARRK EUROPE LIMITED,3418673,7.2,-2.1
Arthur David (Food With Service) Ltd.,2059424,9,0
"Arts Club(London),Ltd.(The)",47802,-14.8,0
Asd Ltd.,1370600,-10.6,-15.4
ASDA STORES LIMITED,464777,12.5,8.9
Ashfield District Council,,1.7,0
Ashfords LLP,OC342432,22.8,20.3
Ashgate Hospicecare,2263980,0.5,-19
ASM ASSEMBLY SYSTEMS UK HOLDING LIMITED,7459630,18.5,18.6
ASM ASSEMBLY SYSTEMS WEYMOUTH LIMITED,921662,18.5,18.6
ASPIRE ACHIEVE ADVANCE LIMITED,7095168,4.8,11.1
ASPIRE HOUSING LIMITED,IP031218,8.2,12.9
Aston Manor Ltd.,1699439,6,-16
Atb Group UK Ltd.,6241009,30,22
Audley Court Ltd.,5160167,48.6,1
AUDLEY TRAVEL GROUP LIMITED,3190720,25.6,25.6
Autism East Midlands,2053860,4.6,0
AUTISM SUSSEX LIMITED,3149907,-2,-2
Autism Together,2658268,-0.7,0
AUTOSCAN (UK) LIMITED,6834446,-8.5,-13.5
AUTO-SLEEPERS GROUP LIMITED,3978237,18.8,18.8
AUTO-SLEEPERS INVESTMENTS LIMITED,6874019,18.8,18.8
Avante Care And Support Ltd.,2565021,18.2,8.8
AVIVA EMPLOYMENT SERVICES LIMITED,3280551,27,26.4
Aviva Investors Employment Services Ltd.,3884917,23.8,21
Awe PLC,2763902,12.9,16.7
AXA GLOBAL HEALTHCARE (UK) LIMITED,3039521,13.1,-0.5
AXA GLOBAL SERVICES UK LIMITED,1854856,17,21
AXA ICAS LIMITED,2548573,15.2,3.2
AXA INVESTMENT MANAGERS LIMITED,3886111,29.7,27.2
Axa Ppp Healthcare Group Ltd.,3148346,26.9,7.6
AXA SERVICES LIMITED,446043,25.2,27
AXA UK PLC,2937724,20.6,20.4
Axminster Tool Centre Ltd,3326979,10,5
AXON SOLUTIONS LIMITED,2976395,24.7,13.2
Aylesbury College,,4.8,19
B & Q PLC,973387,8.8,2
B&CE HOLDINGS LIMITED,377361,29,22
B.E. WEDGE HOLDINGS LIMITED,336600,12.3,17.7
BAE SYSTEMS (Operations) Limited,1996687,9.8,7.8
Bae Systems Applied Intelligence Limited,1337451,17.9,21
BAE SYSTEMS GLOBAL COMBAT SYSTEMS LIMITED,414948,16.9,18.6
BAE SYSTEMS GLOBAL COMBAT SYSTEMS MUNITIONS LIMITED,1842252,7.7,6.8
BAE SYSTEMS MARINE LIMITED,229770,16.1,16.1
BAE Systems Plc,1470151,17.3,15.6
BAE SYSTEMS SURFACE SHIPS LIMITED,6160534,8,8.4
Bags Etc Ltd.,4773542,26.8,0
BAILEY EMPLOYMENT SERVICES LIMITED,2831657,-3.9,-4.8
Baker Tilly Management Ltd.,3077999,14.8,21.5
BAKKAVOR FOODS LIMITED,1060806,11,7.8
BAKKAVOR FRESH COOK LIMITED,5251496,6.5,5.8
BALANS RESTAURANTS LIMITED,8410036,5.9,11.1
Bank of England,,21,24.2
Barclays Bank PLC,1026167,48,43.5
BARCLAYS BANK UK PLC,9740322,26,14.2
BARCLAYS SERVICES LIMITED,1767980,25.8,29.9
BARFOOTS OF BOTLEY LIMITED,2383478,26.8,-4.8
Baringa Partners LLP,OC303471,19.8,23.5
Barking & Dagenham College,,8,15
Barnardo's,61625,14.1,8.8
Barnet Council,,-5,0
Barnfield College,,11.5,16.2
Basildon District Council,,2.9,-6.5
Basingstoke & Deane Borough Council,,-2.2,-8
BATHSTORE.COM LIMITED,2240475,11,9
Batley Multi Academy Trust,7732537,22.9,49.1
BCM LIMITED,2741673,-0.9,-0.8
BDO SERVICES LIMITED,7020023,18.3,21.2
Be Modern Ltd.,829005,2.5,-27.7
Be Wiser Insurance Services Ltd,6097813,10,3.8
Beacon Bingo Ltd.,2095117,25.7,11.5
BEATSON CLARK LIMITED,110186,-0.4,9.4
Bedfordshire Police,,11.1,14.6
BELLS OF LAZONBY LIMITED,500802,9.3,4.4
Berkshire College of Agriculture,,-2.8,1.1
Berneslai Homes Ltd,,9.5,13
Bhid Group Ltd.,9003127,12.6,12.8
Biffa Environmental Municipal Services Ltd.,905800,-18,-5.7
Biffa Municipal Ltd.,4321212,-8,0.8
BIFFA WASTE SERVICES LIMITED,946107,-1.4,3.6
Bighams Ltd.,3233191,-3,-2
BILFINGER INDUSTRIAL SERVICES UK LIMITED,5384376,32.6,39.9
Bird & Bird LLP,OC340318,14.5,27.6
Birmingham Community Leisure Trust,,-2.4,3.2
BLACK COUNTRY HOUSING GROUP LIMITED,IP21157R,27.2,31.7
BLACK SWAN INTERNATIONAL LIMITED,2621410,4.1,5
Blackburn With Darwen Borough Council,,0.7,-2.8
BLUEPRINT RECRUITMENT LIMITED,SC317704,18.6,10.5
BMB CLOTHING LIMITED,4090249,6.1,4.5
Bodycote Heat Treatments Ltd.,1025652,18.9,9.6
Bohunt Education Trust,7535642,27,29
Bolsover District Council,,4,0
Bon Accord Care Ltd.,SC416826,-3.6,-1.2
BONDCARE WILLINGTON LIMITED,7737973,10.4,0
Boreal Ltd.,NI027859,0,0
Borough of Poole,,2.9,-2.2
BOUGHEY DISTRIBUTION LIMITED,797672,20.2,10.7
Bournemouth Borough Council,,2.3,-2.9
Bowdraper Ltd.,1344739,5.3,0
BP CHEMICALS LIMITED,194971,-0.1,-2.8
BP EXPLORATION OPERATING COMPANY LIMITED,305943,30.5,28.3
BP EXPRESS SHOPPING LIMITED,211858,3.5,3.1
BP OIL UK LIMITED,446915,16.4,14.6
BP P.L.C.,102498,22.6,20.8
BPDTS,,2.3,-5.5
BPHA LIMITED,IP26751R,0,0
Bracknell Forest Council,,16.3,23.3
Bradford Diocesan Academies Trust,8258994,23.2,44
BRAEFORGE LIMITED,3437953,7.1,0.8
Braintree District Council,,-2.8,-22
Brampton Manor Trust,7540236,21.7,22
Branded Garden Products Ltd.,358372,23.2,11.1
BREWIN DOLPHIN LIMITED,2135876,38.2,40.7
Breyer Group PLC,782931,25,16.2
Brighton Hove and Sussex Sixth Form College,,8.2,19.4
BRIGHTSTAR 20:20 UK LIMITED,8401611,30.6,10.1
Bristol City Council,,4.1,13.5
BRISTOL WESSEX BILLING SERVICES LIMITED,4143955,3.8,2.7
BRIT GROUP SERVICES LIMITED,2245562,31.7,31.2
British Broadcasting Corporation,RC000057,10.7,9.3
BRITISH ENERGY LIMITED,SC162273,26.3,25.4
BRITISH GAS SERVICES (COMMERCIAL) LIMITED,7385984,34.8,44.1
BRITISH GAS SERVICES LIMITED,3141243,22.6,37
BRITISH GAS TRADING LIMITED,3078711,-0.6,8.5
British Medical Association,8848,13.9,13.6
BRITISH UNITED PROVIDENT ASSOCIATION LIMITED(THE),432511,14.1,20.2
Broadland District Council,,26.8,25.5
BROMFORD HOUSING GROUP LIMITED,IP29996R,7.1,11.4
Brooksby Melton College,,12.1,20
Broxtowe Borough Council,,6.6,0
Brunel Healthcare Manufacturing Ltd.,4504895,15.1,13.2
Brunelcare,601847,18.7,7.3
Brunning And Price Ltd.,1543132,9.8,0
Bsw Heating Ltd,1047746,33.7,46.5
Bulloughs Cleaning Services Ltd.,2101304,-0.6,0
BUOYANT UPHOLSTERY LIMITED,3690496,1.3,-4.4
BUPA CARE HOMES (AKW) LIMITED,4122364,0.6,3.1
BUPA CARE HOMES (ANS) LIMITED,1960990,1.2,2.2
BUPA CARE HOMES (BNH) LIMITED,2079932,2.1,5
BUPA CARE HOMES (CARRICK) LIMITED,SC151487,-2.5,0.6
BUPA CARE HOMES (CFCHOMES) LIMITED,2006738,-1.1,1.2
BUPA CARE HOMES (CFHCARE) LIMITED,2741070,11.7,3
BUPA CARE HOMES (GL) LIMITED,1587972,-0.2,2.1
BUPA CARE HOMES (PARTNERSHIPS) LIMITED,2216429,-0.5,0.4
BUPA CARE HOMES LIMITED,10257888,0.8,1.8
BUPA INSURANCE SERVICES LIMITED,3829851,19.1,6.9
BUPA OCCUPATIONAL HEALTH LIMITED,631336,25.1,28.5
Burnley Borough Council,,2.3,7.9
Butcher's Pet Care Ltd.,1716195,4,0
BWB CONSULTING LIMITED,5265863,20.4,26.9
C P PHARMACEUTICALS LIMITED,482106,35.9,21
CADBURY UK LIMITED,155256,11.6,9.8
CADENT GAS LIMITED,10080864,8,13
Cafcass,,4.8,0
Calderdale College,,4.8,1.1
CALLCREDIT LIMITED,3961870,34.1,34.8
Cambridgeshire Fire & Rescue Service,,18.6,13.9
Cambridgeshire Police,,10.9,13.1
Campbell's Prime Meat Ltd.,SC051565,-21.9,-13.1
Camphill Village Trust Ltd.(The),539694,12,4.8
Canefield Ltd,4448780,8.2,2
"CANFORD SCHOOL,LIMITED",190956,16.2,14.6
CAPGEMINI UK PLC,943935,19.4,17
CAPITAL (HAIR AND BEAUTY) LIMITED,530201,40.4,27.9
CARAVAN CLUB LIMITED(THE),646027,11.8,-3.6
Cardinal Security Ltd.,4714467,-11,-4
CARE AT HOME SERVICES (SOUTH EAST) LIMITED,5317196,0,0
Care Quality Commission,,1.2,-1
CAREROOM LIMITED,3614275,29,8.7
Carter Synergy Ltd.,176807,38,39.4
Cartrefi Cymunedol Gwynedd Cyfyngedig,IP30776R,6.9,-0.7
Cashino Gaming Ltd.,1038403,-0.7,-1.8
Casna Ltd.,1130951,-2.1,0
Castell Howell Foods Ltd.,2269053,-8.7,-8.2
CATERING UK LIMITED,3266861,-3.2,-3
Catholic Agency For Overseas Development,9387398,8.3,7.6
Cca International (UK) Ltd,2824494,11,13
CENTAUR SERVICES LIMITED,787385,-5.7,-2.6
Center Parcs (Operating Co.) Ltd.,4379585,13,13.2
Center Parcs Ltd.,1908230,18.7,13.2
CENTRAL AND CECIL HOUSING TRUST,IP27693R,24.7,19.1
CENTRAL ENGLAND CO-OPERATIVE LIMITED,IP10143R,18.1,7.5
Central Sussex College,,10.4,11.2
Centrica PLC,3033654,16.6,12
CENTRICA STORAGE LIMITED,3294124,30.9,36.8
CENTURY HEALTHCARE LIMITED,2128699,5.7,5.4
CERTAS ENERGY UK LIMITED,4168225,21.8,24.3
CFS MANAGEMENT SERVICES LIMITED,5564787,24,8
CGF MARKETING SERVICES LIMITED,2151319,38,0.4
CGI IT UK LIMITED,947968,12.8,17
CHARCOALBLUE LLP,OC373258,24.8,29.9
CHARLES WILSON ENGINEERS LIMITED,1393410,16.2,1.1
Charlies Stores Ltd.,1761459,11,6
Charnwood Borough Council,,12.8,17
Chartwells Hounslow (Feeding Futures) Ltd.,8989091,25.6,12
Chelmsford Star Co-Operative Society Ltd.,IP000973,13.7,0
Cheltenham & Gloucester PLC,2299428,16.7,18.8
Chemring Countermeasures Ltd.,218229,25.5,10.5
Chemring Energetics UK Ltd.,SC237472,27,28
Cherry Lane Retail Centres Ltd.,1603760,2.5,0
Cheshire Constabulary,,14.7,26.2
Chetham's School of Music,,18,37
Chichester College,,14.3,24.4
Chichester District Council,,3.6,3.4
Chiltern District Council,,15,21.9
CHOICE HOTELS LIMITED,1365211,1.8,0
Chorley Borough Council,,1.2,0
CHRIS HAYTER TRANSPORT LIMITED,1183217,9.4,18.3
CHROMALLOY UNITED KINGDOM LIMITED,971349,17.1,-2.8
CHURCHILL ACADEMY ,7687722,12.2,5.1
CINEWORLD CINEMAS LIMITED,1915767,7.8,2.1
Circadian Trust,5384234,-9.7,-10
CITRIX R&D LIMITED,9713256,20.1,23.2
Citrix Systems UK Ltd.,2937203,28,31.2
City College Coventry,,14.9,27.7
City of Wolverhampton College,,10.8,27.8
Clean Linen Services Ltd.,87908,20.5,0
CLEARVIEW CLEANING SERVICES (HEREFORD) LIMITED,4128774,3.4,0
CLEVELAND CABLE COMPANY LIMITED,5538824,2.5,-6.1
Cleveland Fire Brigade,7583911,6.3,3
Cleveland Police,,8,0
Clydesdale Bank PLC,SC001111,37,36
Cms Cameron Mckenna Nabarro Olswang Services Ltd.,7451655,17.3,32.8
Coca-Cola European Partners Great Britain Ltd.,27173,10.1,10.7
COLAS LIMITED,2644726,3.1,0
College of Haringey Enfield & North East London,,0.4,0
COLLEGE OF POLICING LIMITED,8235199,17.3,18.5
COMMONWEALTH WAR GRAVES COMMISSION,RC000136,-5,0
Community Lives Consortium,9442336,3.4,0
Companies House,,13,18
"COMPASS GROUP, UK AND IRELAND LIMITED",2272248,17.2,14
CONGREGATION OF THE LITTLE SISTERS OF THE POOR TRUSTEE COMPANYLIMITED(THE),867949,1.3,5.5
Connect Academy Trust,10192252,29.4,40
CONTINENTAL LANDSCAPES LIMITED,2416889,-9.5,-25.6
CONTRACTOR UMBRELLA LIMITED,4324081,14,5
CONVATEC LIMITED,1309639,13,12.4
COOK TRADING LIMITED,4611064,17.9,10.8
COOPER TIRE & RUBBER COMPANY EUROPE LIMITED,150903,12,15
COOPER TOPCO LIMITED,9472834,0,0
Cooperatieve Rabobank U.A.,FC011780,20.2,22.2
CO-OPERATIVE GROUP LIMITED,IP00525R,18.9,12.8
COOPLAND & SON (SCARBOROUGH) LIMITED,465947,19.2,14
Coral Racing Ltd.,541600,14,4
Corby Borough Council,,9.2,11.2
Cornerstone Community Care,SC070762,-2.7,0
Corporation of Lloyd's,,27.7,32.1
COSTA LIMITED,1270695,7.4,0
COSTAIN ENGINEERING & CONSTRUCTION LIMITED,2440829,26.6,27
COSTAIN LIMITED,610201,10,12.1
Cotswold Motor Group Ltd.,3028787,17.7,16.2
COUTTS & COMPANY,36695,28.2,24.4
Coventry Building Society,MUT0148B,33.1,31.3
Coveris Flexibles UK Ltd.,2925612,10,16
COWI UK LIMITED,2962837,29,23
COYLE PERSONNEL PLC,2281209,24.7,9.4
Cp Woburn (Operating Co.) Ltd.,7656412,9.3,13.2
Crawley Borough Council,,1.6,0.1
Creamline Dairies Ltd.,396381,8.7,-2.6
CREATIVE LYNX LIMITED,4028821,12,9
CROCKETT AND JONES LIMITED,451921,26.4,22.3
Crofty Multi Academy Trust,10354924,28.6,50
CROSS KEYS HOMES LIMITED,4557701,0.5,2.4
Crown Prosecution Services,,10.6,25.3
CRYSTAL MARTIN INTERNATIONAL LIMITED,806915,6,1.2
Crystal Services PLC,1812016,7,4
Cundall Ltd.,5491742,26,29.6
D.H. MANSFIELD LIMITED,3557665,-1.6,0.5
"D.J.SQUIRE & CO.,LIMITED",316151,12.8,1.5
Daisy Communications Ltd.,4145329,26.7,33
DAISY CORPORATE SERVICES TRADING LIMITED,2888250,22.1,21.3
DAISY IT MANAGED SERVICES LIMITED,1983540,28.1,31.1
DAISY IT SERVICES LIMITED,1466217,18.3,22.8
DALE CARE LIMITED,2795946,0,0
Dana UK Axle Ltd.,6088792,10,10
Daniel Stewarts and Melville College Incl Mary Erksine School,18594852,19.1,42.4
DANIEL THWAITES PUBLIC LIMITED COMPANY,51702,14.3,3.8
Darlington College Of Technology,,11.3,30
Dartford Borough Council,,23.7,27.9
DATA INSTALLATION & NETWORKING SERVICES LIMITED,2802029,14.3,13.1
DAU DRAEXLMAIER AUTOMOTIVE UK LIMITED,3485431,-2.2,-9.2
DE LA RUE INTERNATIONAL LIMITED.,720284,10,9.7
DECIDEBLOOM LIMITED,3003995,5,1
DELOITTE LLP,OC303675,17,12.1
DELOITTE MCS LIMITED,3311052,20.4,17.8
DELTA DISPLAY LIMITED,2627811,24.8,30.6
Dennis & Robinson Ltd.,460938,-11.1,-6.7
"Department for Business, Energy & Industrial Strategy",,12,15
Department for Communities and Local Government,,5.9,9.8
Department for Culture Media & Sport,,3.3,8.2
Department for Education,,5.3,5.9
Department For Exiting The European Union,,15.3,8.9
Department for International Development,,8.5,6.8
Department for International Trade,,3.6,2.7
Department For Transport,,16.9,22.6
Department Of Health,,14.2,13.3
Department Of Work And Pensions,,5.3,0
"Department, for Environment, Food and Rural Affairs",,11.5,12.1
Derbyshire Fire & Rescue Service,,3.8,2.5
DERWEN COLLEGE,8615826,4.2,3.2
Devon & Cornwall Autistic Community Trust,1662611,2.2,0
DFS Furniture PLC,7236769,19,14
Dhu Health Care C.I.C.,5834163,5.6,0.1
Diageo Great Britain Ltd.,507652,4.1,-9.8
DIAGEO SCOTLAND LIMITED,SC000750,11.3,16.7
DIESEL (LONDON) LIMITED,3005257,6.2,-2
Dingbro Ltd.,SC079886,6.4,10.3
Diocese Of Southwell And Nottingham Multi-Academy Trust,8738949,22.4,10
Diodes Zetex Semiconductors Ltd.,2387949,26.5,31.5
Disability Challengers,4300724,-2.9,0
DL Insurance Services Ltd.,3001989,18.7,14.7
Dnata Ltd.,3091040,1.5,1.1
Don & Low Ltd.,SC005657,13.4,7.8
DONALDSON TIMBER ENGINEERING LIMITED,SC099182,5.7,-10.3
DON-BUR (BODIES AND TRAILERS) LIMITED,1571914,0.8,0.5
DONCASTER CHILDREN'S SERVICES TRUST LIMITED,8805834,13.1,8.2
Doncaster Metropolitan Borough Council,,15.7,21.1
DONE BROTHERS (CASH BETTING) LIMITED,1277703,6.5,0
Dorchester Hotel Ltd.,1229635,15,7
Dorset & Wiltshire Fire & Rescue Service,,7.5,11.9
DRIL-QUIP (EUROPE) LIMITED,SC081748,14.6,16.5
DRUCK LIMITED,1590333,33.3,37.3
DUNNHUMBY LIMITED,2388853,22.7,19.9
Dunster House Ltd.,2913901,0.9,6
Dynex Semiconductor Ltd.,3824626,36,41
E. C. M. (VEHICLE DELIVERY SERVICE) LIMITED,1845919,30.8,32.9
E.G.L. HOMECARE LIMITED,1416097,10.7,3.9
E.W. BEARD LIMITED,1126135,32.5,43.7
East Cheshire Nhs Trust,,34.5,15.7
EAST KENT COLLEGE LIMITED,8155142,17.3,27.2
EAST MIDLANDS CONFERENCE CENTRE LIMITED,3142273,3.1,5
EAST MIDLANDS INTERNATIONAL AIRPORT LIMITED,2078271,15.7,1.3
EAST OF ENGLAND CO-OPERATIVE SOCIETY LIMITED,IP01099R,20.2,1.1
East Riding College,,17,16
EAST THAMES LIMITED,RS007444,16.1,12.6
EASTERN AIRWAYS (UK) LIMITED,3468489,46.4,50.7
Eastern Multi-Academy Trust,7338780,33,42.5
Eastgate Care Group Ltd,8513312,2.2,-27.5
Eastleigh College,,9.7,25.7
Easyjet Airline Co. Ltd.,3034606,51.7,45.5
Ebor Academy Trust,8806335,22.1,20.1
Ecclesiastical Insurance Office PLC,24869,30.7,25
Eden Outsource Ltd.,4384396,-1,0
EDEN PROJECT LIMITED,3278093,18.4,4.7
EDF ENERGY (ENERGY BRANCH) LIMITED,2449611,10,14
EDF ENERGY CUSTOMERS LIMITED,2228297,1.5,-2.2
EDF ENERGY NUCLEAR GENERATION LIMITED,3076445,18.3,18.8
Edf Energy PLC,2366852,31.9,31.5
EDGE VIEW HOMES LIMITED,3852350,-9.9,0
EDINBURGH LEISURE,SC179259,-1.1,-0.9
EDRINGTON DISTILLERS LIMITED,SC014472,27.2,13.3
Edwards & Ward Ltd.,3714522,38.3,13.8
Electricity North West Ltd.,2366949,11.3,16.3
ELECTROCOMPONENTS PUBLIC LIMITED COMPANY,647788,29,23
Elekta Ltd.,3244454,9.8,10.3
Elizabeth Finn Care,515297,19.5,8.8
ELIZABETH FINN HOMES LIMITED,5225008,5.6,6.8
Emh Care And Support Ltd.,2488821,-5.2,0
EMH HOUSING & REGENERATION LIMITED,IP032198,3.2,14.4
Emporia Leisure Ltd.,3310912,4.3,0
"ENERGY, SAFETY AND RISK CONSULTANTS (UK) LIMITED",7825532,24.4,26.5
Enfield Learning Trust,10309116,-9.3,1.3
ENGLAND AND WALES CRICKET BOARD LIMITED,3251364,38,17
ENJOY EAST LOTHIAN LIMITED,SC356338,11,9
Environment Agency,,2.6,2.5
Epayroll Services Ltd.,7329095,-5,6.6
Erewash Borough Council,,9,0
ERNST & YOUNG SERVICES LIMITED,2812206,19.7,14.8
Erskine Hospital,SC174103,0,0
Esher Mail Order Ltd.,981703,14.2,0
ESSEX CARES LIMITED,6723149,14,0
ESSITY UK LIMITED,3226403,-9.2,-6.6
ESTUARY HOUSING ASSOCIATION LIMITED,IP23240R,20.2,22
Eurocamp Ltd.,3626865,-0.4,0.6
Europa Worldwide Logistics Ltd,1233784,19,1
EUROPCAR GROUP UK LIMITED,1089053,-4.2,-26.4
Excalibur Academies Trust,8146633,17.2,31.9
EXCHANGE HOUSE SERVICES LIMITED,6447647,19,38.8
Exertis (UK) Ltd,1511931,29,23
EXPD8 LIMITED,4601274,6.9,0
Experian Limited,653331,29.9,24.6
F I L MARKET RESEARCH LIMITED,3224959,-15.7,-12.6
F.W. EVANS CYCLES (UK) LIMITED,2784079,-6.6,-4.1
FARLINGAYE HIGH SCHOOL,7667407,16,38
FCC ENVIRONMENT (UK) LIMITED,2902416,-4.6,-8.2
Fce Bank PLC,772784,16.6,7.5
FDM GROUP LIMITED,2542980,6,0
Ferraris Piston Service Limited,4148298,3.5,-3.5
FIL INVESTMENT MANAGEMENT LIMITED,2349713,23.4,25.4
FINANCIAL OMBUDSMAN SERVICE LIMITED,3725015,7.2,6
First Community Health & Care C.I.C.,7711859,6.5,-1.4
FIRST UTILITY LIMITED,5070887,20,10
FIRST WESSEX,IP030940,15.1,13.5
FITTLEWORTH MEDICAL LIMITED,1836221,10.7,6.1
Fitzroy Support,2699902,-3.6,0.6
FLAGSHIP HOUSING GROUP LIMITED,IP031211,25.6,18.3
FLOGAS BRITAIN LIMITED,993638,0.6,-1.7
FLORETTE UK + IRELAND LIMITED,3687920,7.7,2.7
FOOTBALL ASSOCIATION LIMITED,77797,23.2,12.1
Ford & Slater Ltd.,2495131,22.9,21.1
Fore Street Employment Agency Ltd.,5192969,0,0
Foreign & Commonwealth Office,,10.6,11.1
Forestry Commission,,6.2,1.4
Formaplex Ltd.,4138909,26,28
FORMICA LIMITED,139731,-15,-23.1
FORMULA ONE AUTO CENTRES LIMITED,1437311,43,23.6
FORREST RECRUITMENT LIMITED,1897196,-3.6,-3.2
FORTEM SOLUTIONS LIMITED,4638969,1.9,7
FORTICRETE LIMITED,221210,21,16
FOSTER + PARTNERS GROUP LIMITED,5976343,23.8,10.5
FRAMEWORK HOUSING ASSOCIATION,3318404,9,3.5
Francis Holland (Church Of England) Schools Trust(The),257981,6.5,3.9
FRANKLIN TEMPLETON GLOBAL INVESTORS LIMITED,2100399,19.4,20.4
FRANKLIN TEMPLETON INVESTMENT MANAGEMENT LIMITED,1902009,32,45.6
Frederic Robinson Ltd.,170679,27.9,28.6
FREIGHTROUTE LIMITED,1087160,5.7,11.9
FRESHLINC GROUP LIMITED,6482514,1.2,-9.7
FUJITSU SERVICES LIMITED,96056,16.7,17.9
Furnico Furniture Ltd.,3808156,15.3,19.3
FURROWS HOLDINGS LIMITED,3162759,18.9,20.7
FURROWS LIMITED,149772,18.9,20.7
Future Directions Cic,8041420,-3,-1
Future Home Care Ltd.,4829670,-4.1,-1.3
Fylde Borough Council,,-0.6,-18.7
Gainford Hotels Ltd.,7988275,0,0
Gainpeak Ltd.,2302371,0,0
GALLIARD HOMES LIMITED,2158998,35.8,30.3
Gambling Commission,,7,7.4
Gardner Denver Group Services Ltd.,2193570,14.3,12.9
Gates (U.K.) Ltd.,SC001771,23.2,12.9
Gateway Learning Community,5853746,26.1,27.6
GAZPROM MARKETING & TRADING LIMITED,3768267,28.2,27.6
GAZPROM MARKETING & TRADING RETAIL LIMITED,3904624,24.8,9.4
GE AIRCRAFT ENGINE SERVICES LIMITED,2605713,15.5,26.8
GE AVIATION SYSTEMS LIMITED,745917,10.8,11
GE CALEDONIAN LIMITED,SC064580,-14.5,4.1
GE CAPITAL EUROPE LIMITED,2544202,35.5,48.2
GE ENERGY POWER CONVERSION UK LIMITED,5571739,21.2,25.3
GE HEALTHCARE LIMITED,1002610,7.5,5.7
GE HEALTHCARE UK LIMITED,3337033,30.7,23.5
GE MEDICAL SYSTEMS LIMITED,252567,12.5,5.7
GE OIL & GAS UK LIMITED,1521132,16.7,14.2
Gedling Borough Council,,3,1.9
GENERAL ELECTRIC ENERGY UK LIMITED,4267931,20.5,24.4
"GENERAL ELECTRIC GLOBAL SERVICES GMBH, UK BRANCH",BR017803,16.6,20.9
"GENERAL ELECTRIC INTERNATIONAL, INC.",BR000645,8.1,14.7
Genesis Housing Association Ltd.,IP031241,19.8,28.6
GENIUS FOODS LIMITED,SC344777,9.5,2.3
Genus UK Ltd.,5896509,28.2,5.3
GLASSWELLS LIMITED,602166,29.6,19.1
"Glatfelter Lydney, Ltd.",5734921,-4.6,-0.1
GLENSIDE MANOR HEALTHCARE SERVICES LIMITED,4678337,18.7,0.9
Gloucestershire Care Services Nhs Trust,,10.9,-2.2
Gloucestershire College,,9.8,15.7
Gloucestershire Hospitals Nhs Foundation Trust,,28.2,16.9
Golden Gates Housing Trust,5021951,-15.1,-6
GOONVEAN HOLDINGS LIMITED,6940012,12.8,6.1
GOWER GROUP LIMITED,4083229,-3.8,0
Grace Academy,4967658,11.7,-2.7
Grant Thornton Business Services,1224178,22.6,18.3
Grant Thornton Services LLP,OC307863,37.5,34.5
Grant Thornton UK LLP,OC307742,26.5,24.3
Greater Brighton Metropolitan College,,2.1,11.2
Greater London Authority,,9,6.1
GREENBANK SERVICES LIMITED,1529855,-0.4,0.6
Greenhead College,,24,40.2
Greenhous Group (Holdings) Ltd.,5270023,13.1,9.8
Greenhous Group Ltd.,3493415,11,8.8
Greensleeves Homes Trust,3260168,17.2,1.8
GREENVALE AP LIMITED,3163230,16.6,13.6
Greenwood Academies Trust,6864339,27.8,37.8
Greggs PLC,502851,21.7,11.7
GREVAN CARS LIMITED,1852806,19.4,1.1
GREY ADVERTISING LIMITED,539916,20.3,24.6
Grimsby Institute,,10.1,22.4
Grosvenor Estate Management Ltd.,2048534,34.4,27.6
Gsl Dardan Ltd.,4384007,-0.3,-1.4
Gsm Automotive Holdings Ltd.,8922562,32.5,25.8
GUILDFORD BOROUGH COUNCIL HOLDINGS LIMITED,10152910,-9,-22
H M Government Cabinet Office,,10,12.3
H YOUNG (OPERATIONS) LIMITED,706712,23.5,13.1
H+H UK LIMITED,247647,5,10.4
H+S AVIATION LIMITED,422128,12.5,5.8
Hadlow College,,16.6,11.4
HALES GROUP LIMITED,3756814,8.3,7.6
HALL CLEANING SERVICES LIMITED,1545130,0.1,0
HALO LEISURE SERVICES LIMITED,4335715,-8,-3
Hambleton District Council,,-7.7,-12.3
HANOVER (SCOTLAND) HOUSING ASSOCIATION LIMITED,SP1983RS,23.2,26.5
Hanson Academy,,21.9,45
Hard Rock Cafe (UK) Ltd.,1924059,-0.9,3.2
HARD ROCK INTERNATIONAL LIMITED,1334204,-0.9,3.2
Hardenhuish School Ltd,7344277,30.4,56.1
Harlow College,10002899,4.6,13.6
Harrogate Borough Council,,-0.5,-4.1
Harry Fairbairn Ltd.,SC043023,20.8,13.4
HARRY YEARSLEY LIMITED,556895,9.6,12.2
Harsco,569823,-45.9,-36.1
Havelock Europa PLC,782546,15.6,10.1
Hayley Group Ltd.,1257303,18.6,11.2
Hbos PLC,SC218813,25.9,26.4
Healing Multi Academy Trust,7345756,29.6,55.5
Health & Safety Executive,,22.9,26
HEALTHCARE ENVIRONMENTAL SERVICES LIMITED,SC173861,0,0
HELENA PARTNERSHIPS LIMITED,4141767,-0.3,-3
HENDY GROUP LIMITED,192872,18.1,9.3
Henkel Ltd.,215496,29.9,32.7
Henley College Coventry,,15.2,21.1
Her Majesty's Land Registry,,9,18.5
Hereford & Worcester Fire & Rescue Service,,25.8,23.6
Herefordshire Council,,16.3,15.4
Heritage Manor Ltd.,1305965,0.3,-1
HERTS FOR LEARNING LIMITED,8419581,-8.3,-29.6
Hertsmere Borough Council,,1.9,-6.7
HERTZ (U.K.) LIMITED,597994,15.8,24.3
HEXCEL COMPOSITES LIMITED,3069887,-9.3,-14.8
HIGH LIFE HIGHLAND,SC407011,5.4,4.3
HIGHLAND DISTILLERS LIMITED,SC158731,24.7,17.1
HIGHLAND HOME CARERS LIMITED,SC203954,2.9,0
HILL & KNOWLTON LIMITED,953243,18.4,-3.9
Hinchingbrooke School,7732319,20.1,32.1
Hinckley And Bosworth Borough Council,,4.3,0
HIPPODROME CASINO LIMITED,5497987,17.7,4.7
HM Revenue and Customs (HMRC),,8.9,12.5
HM Treasury,,7.1,13.7
HML HOLDINGS PLC,5728008,19.4,9.8
Hobs Reprographics PLC,511368,20.9,16.4
HOGARTH WORLDWIDE LIMITED,6872427,26.7,22
Hollybank Trust,,2.7,0
Home Office,,10.1,15.1
Hopwells Ltd,1404481,2.1,5.5
Hopwood Hall College,,1.1,3.6
Horizons Specialist Academy Trust,8608287,26.7,34
Houghton PLC,63827,-13.5,-22.5
HOUSING & CARE 21,IP16791R,36,28
HR ESSENTIALS LIMITED,4646287,5,0.7
HUDSON GLOBAL RESOURCES LIMITED,3206355,18,20
Hugh Baird College,,6,21.9
Hugo Boss UK Ltd.,3484933,7.2,4.7
Hymans Robertson LLP,OC310282,22.4,20.1
Hyndburn Borough Council,,6.2,2.7
HYPNOS LIMITED,213405,-0.4,-2.4
I CARE (GB) LIMITED,2905218,-0.4,0
I4 Pay Partners Ltd.,5407362,-2,-10
IBC VEHICLES LIMITED,2091272,15.6,0.9
IBSTOCK BRICK LIMITED,63230,7,19
Ideal Carehomes (Number One) Ltd.,7535382,3,6
IFORCE LIMITED,3441816,17.6,0
IG DESIGN GROUP UK LIMITED,2265899,20.9,19.8
Imperial Commercials Ltd,653665,17,21
IN DEPTH SERVICES (CLEANING) LIMITED,1388446,6.6,2.3
INCOMMUNITIES GROUP LIMITED,4221767,2.5,11.2
Independence Matters C.I.C.,8530621,-2.2,-2
Independent Catering Management Ltd.,3222546,0,0
Indigo Sun Retail Ltd.,SC124986,28,39.7
Industrial Site Maintenance Ltd,6603046,-1.4,0
Ingleby Services,643672,25,25
INN ON THE PARK (LONDON) LIMITED,1859449,8.3,11.1
INNOGY BUSINESS SERVICES UK LIMITED,6052966,23,29
INNOGY RENEWABLES UK LIMITED,2550622,22,20
INNOVIA FILMS LIMITED,271998,14.6,15.3
INSIGHT HEALTHCARE LTD.,4391008,12.3,10
Inspiration Trust,8179349,17.8,17.6
Integrated Cleaning Management Ltd.,3193989,5.8,0.3
Intelligent Office UK Ltd.,SC077144,-9.7,-13.3
Intelligent Processing Solutions Ltd.,4007855,27,15
INTERCONTINENTAL HOTELS GROUP SERVICES COMPANY,575108,38,31.7
INTERFLOOR LIMITED,162988,12.8,11.1
INTU MANAGEMENT SERVICES LIMITED,4251697,40.9,35.6
INTU PROPERTIES PLC,3685527,7.8,2.6
INTU RETAIL SERVICES LIMITED,8425923,9.4,2.3
Invictus Education Trust,9284368,27.8,54.2
IOP PUBLISHING LIMITED,467514,23.2,14.3
IRESS FS LIMITED,2958430,15.1,16.8
Irwin Mitchell LLP,OC343897,12.8,15.9
IVOR SHAW LIMITED,755641,19.3,16.7
J. Tomlinson Ltd.,3168455,31.8,39.6
J. WALTER THOMPSON GROUP LIMITED,1660783,38.8,44.7
J.D. Williams & Co. Ltd.,178367,5.9,-7.2
J.N. BENTLEY LIMITED,1085646,17.8,13.6
J5C Management Ltd.,8527453,2,1
JACKSON LIFT SERVICES LIMITED,2186996,35,47
JAMES CONVENIENCE RETAIL LIMITED,9433287,13,2.6
JAMES KEMBALL LIMITED,1146764,-16.6,-25.2
JELD-WEN UK LIMITED,499622,12.7,3
JET2.COM LIMITED,2739537,53.5,49.7
JET2HOLIDAYS LIMITED,4472486,20.4,9.4
JOCKEY CLUB RACECOURSES LIMITED,2909409,3,-23
John Innes Centre,511709,16.2,4.8
John Lewis PLC,233462,13.9,7.8
JOHN NIKE LEISURESPORT LIMITED,1792420,3.2,2.5
JOHNSONS CARS LIMITED,3716766,15.5,10.9
JON RICHARD LIMITED,2734971,23.4,0
JRA FAMILY RESTAURANTS LIMITED,8797348,-3.9,0.2
K & G RESTAURANTS LIMITED,3900766,7.2,0.8
Kantar Media UK Ltd,275304,3.5,-12.7
KANTAR UK LIMITED,3073845,33.3,16.9
Katharine House Hospice,2700516,-0.2,-9.3
Keech Hospice Care,2904446,4.6,0.1
KELTRUCK LIMITED,2880543,12.6,17.3
KENSINGTON CLOSE HOTEL LIMITED,4493133,1,5.8
Kent Union,,6.3,0
KEYSIGHT TECHNOLOGIES UK LIMITED,3809903,25,21
Kimal Holdings Ltd.,7912443,11,-2.4
Kindertons Ltd.,3711080,8.6,0
KINGFISHER INFORMATION TECHNOLOGY SERVICES (UK) LIMITED,2016021,16.9,17.4
Kingfisher PLC,1664812,17.8,31.1
Kingspan,3263720,13,4.1
Kingspan Insulation Ltd.,1882722,19,8
Kingspan Ltd.,1037468,4.1,13
Kingston Smith Group Services Ltd.,7154990,7,0
Kingston upon Hull City Council,,10.2,4.4
Kms (UK) Ltd,3545205,1.3,0
KNIGHTON FOODS LIMITED,8954731,21.1,2.1
Koito Europe Ltd.,945580,18,0
KONDOR LIMITED,3948290,12.6,-0.7
KONECRANES DEMAG UK LIMITED,969869,27.6,28.3
Kostal UK Ltd.,2481321,19.5,9
KPMG UK LIMITED,3580549,22.3,22.1
KPPES LTD,SC349485,6,3
Kuehne + Nagel Drinks Logistics Ltd.,5761433,10.7,18.9
Kuehne + Nagel Ltd.,1722216,4.9,8.1
KWIK-FIT (GB) LIMITED,1009184,-4.5,-15.2
L&Q LIVING LIMITED,IP27902R,16.7,10.3
Lacoste UK Ltd.,2365718,1.2,4.4
Ladbrokes Betting & Gaming Ltd.,775667,15,2
Ladbrokes Coral Group PLC,566221,15,2.5
Lady Manners School,,24.7,52.6
LAGARD’_RE TRAVEL RETAIL (UK) LTD,5092104,12.5,12.2
LALEHAM HEALTH AND BEAUTY LIMITED,997221,11.6,6.4
Lancaster & Morecambe College,,6.9,11.2
Land Securities Properties Ltd.,961477,33.3,36.3
LARKFIELD WITH HILL PARK AUTISTIC TRUST LIMITED,536993,-2,0
Larking Gowen,,12.6,11.5
Lathams Ltd.,967247,-5,-34
LAW SOCIETY,RC000304,11.1,5.6
Lawn Tennis Association Ltd.,7459469,31,18
Lawrence David Ltd.,1110305,19.1,-5.7
Learning In Harmony Multi Academy Trust,9148738,36,31.9
Learning Without Limits Academy Trust,10269535,12.4,14.6
LEBUS UPHOLSTERY LIMITED,5563831,9.5,9.7
Leeds Arts University,,3.6,5.7
Leeds City College,,3.7,2.9
Leeds City Council,,8.6,13.1
Leicester City Council,,0.5,3.1
LENDLEASE CONSTRUCTION (EUROPE) LIMITED,467006,30.4,33
Lenham Storage Co. Ltd.,463800,9.7,8.6
Leonardo Mw Ltd,2426132,18.5,20.4
LIAISE LODDON LIMITED,3044911,-3.7,0
Liberty Leisure Limited,,2.5,0
LIBERTY PRESSING SOLUTIONS (COVENTRY) LIMITED,10519118,8.6,7.8
Life Style Care PLC,5437501,9.3,1.8
LIFESEARCH HOLDINGS LIMITED,8292355,29.7,12.9
LIFESTYLE SERVICES GROUP LIMITED,5114385,43.5,7.2
Lifeways Community Care Ltd.,4126127,7.3,0.9
Lilian Faithfull Homes,6461263,6.8,2.4
Linbrooke Services Ltd.,4487275,28,39.8
Lincolnshire County Council,,11.1,13.3
Lincolnshire Partnership NHS Foundation Trust,,19,15
Lincolnshire Police,,9.9,7.6
Lingfield Education Trust,,-8.5,7.2
Linklaters Business Services,633907,23.2,39.1
LINSCO LIMITED,1370096,4,3
LIQUID FRIDAY LIMITED,5887477,0,0
Liverpool Victoria Friendly Society Limited,MUT00002,27.6,23.5
Livewell Southwest Cic,7584107,16,8
Livewire (Warrington) Cic,7972958,3,0
Living Ambitions Ltd.,2622175,-4.2,-2.6
Lloyd Shoe Co Ltd.,1984976,5,0
LLOYDS BANK ASSET FINANCE LIMITED,615235,24.2,28.8
LLOYDS BANK COMMERCIAL FINANCE LIMITED,733011,27.6,27.6
Lloyds Bank PLC,2065,37.6,42.7
LOCAL CARE DIRECT LIMITED,IP29766R,-11.4,-18.5
LOCAL PENSIONS PARTNERSHIP LTD,9830002,28.3,13.1
Lockheed Martin UK Ampthill Ltd.,585852,14.6,15.3
Lockheed Martin UK Ltd.,2372738,20.4,24.3
LONDON & QUADRANT HOUSING TRUST LIMITED,IP030441,16.6,9.5
London Borough of Hackney,,-2.8,-8
London Borough of Hillingdon,,3.6,0
London Borough Of Hounslow,,7,7.3
London Borough of Redbridge Council,,-3.2,-10.1
LONDON GATEWAY PORT LIMITED,4341592,0.7,2.2
LONETREE LIMITED,3574622,-4.8,-1
LONGACRES GARDEN CENTRE LIMITED,7689770,-0.7,0
Lorimer Care Homes Ltd.,SC412450,0,0
Louis Vuitton UK Ltd.,1633350,5,2
LOUVER-LITE LIMITED,1011431,4.8,-0.7
M & D (Leisure) Ltd.,SC154915,7.6,0
M J BIRTWISTLE & CO LIMITED,4685959,0.7,-0.5
M.P. Moran & Sons Ltd.,1218121,4,7.2
MABEY HIRE LIMITED,6950075,18.5,4.8
MACARTHYS LABORATORIES LIMITED,620024,20.1,5.9
Mach Recruitment Ltd.,6409589,1.9,0
Macintyre Care,894054,-5.7,2.4
Macintyre Hudson LLP,OC312313,14.3,12.4
MAERSK OIL NORTH SEA UK LIMITED,3682299,27.4,35
MAGDALEN COLLEGE SCHOOL OXFORD LIMITED,2106661,6.8,13.3
MAGNA SPECIALIST CONFECTIONERS LIMITED,1050340,8,15
MAGNET LIMITED,2762625,11.5,4.4
Maidstone Borough Council,,5.4,4.9
MALLING HEALTH (UK) LIMITED,7034946,51.6,73
Mama Bear's Day Nursery Ltd,4546256,27.5,1.6
Manchester Airport PLC,1960988,7.3,3.7
MANDARIN ORIENTAL HYDE PARK LIMITED,6192910,-0.1,0.8
Manor Restaurants (UK) Ltd.,6039094,1,1
MARCUS & MARCUS LIMITED,4563001,-0.9,0
Mariposa Care Ltd.,2904093,-4.8,0
MARITZCX LIMITED,1590198,3.1,13.5
MARKS AND SPENCER P.L.C.,214436,12.3,3.3
Marlow Foods Ltd.,1752242,35.1,3.1
MARSHALL CONSTRUCTION LIMITED,SC174699,-0.3,1
Martin-Brower UK Ltd,1601427,-8.9,2.4
MASS CONSULTANTS LIMITED,1705804,25,33
MAWDSLEY-BROOKS & COMPANY LIMITED,44701,4.2,-8.9
MAXUS COMMUNICATIONS (UK) LIMITED,2671949,21.4,9.7
MAYDAY HEALTHCARE PLC,4983787,34.9,18.7
MAZARS LIMITED,5380971,11.5,2.9
MB AEROSPACE NEWTON ABBOT LIMITED,5899633,6.4,8.6
MBNA LIMITED,2783251,15,19
MC TRUCK & BUS LIMITED,1241061,23.5,20.7
MCCAIN FOODS (G.B.) LIMITED,733218,9.3,6.8
"MCKINSEY & COMPANY, INC. UNITED KINGDOM",BR002227,23.8,14.3
MCPHILLIPS (WELLINGTON) LIMITED,832117,9.4,11.3
MECALAC CONSTRUCTION EQUIPMENT UK LIMITED,10516031,-0.2,0
MEDIACOM HOLDINGS LIMITED,3525784,32.2,11.1
MEDIACOM NORTH LIMITED,3207931,23.9,15.7
MEDIAEDGE:CIA (UK) HOLDINGS LIMITED,2689857,12.3,6.1
MEDICAL SERVICES INTERNATIONAL LIMITED,1416977,2.9,-2.1
Mediline Nurses & Carers Ltd.,4607372,8.2,-0.3
MEDINA DAIRY LIMITED,2807474,2.3,12
Medivet Group Ltd.,3481736,28,28
Mental Health Concern,2073465,19.3,17.9
Merlin Housing Society Ltd.,IP30012R,12.9,8
Merseyside Fire and Rescue Service,,12.1,2.3
Metro Bank PLC,6419578,22.4,13.5
METROPOLITAN HOUSING TRUST LIMITED,IP16337R,23.3,14.8
Michael I Holdsworth Ltd.,2027459,2.9,4.7
MICHELDEVER TYRE SERVICES LIMITED,1817398,-13,-19.9
Mid Cheshire College,,6.3,8.9
Mid Devon District Council,,-0.4,1.8
Middlesbrough College,,9.2,9.8
Midsomer Norton Schools Partnership,7365778,28,46.4
Milkwood Care Ltd,3729130,2.9,-7.9
Millbrook Group Ltd.,8696904,13.1,16.1
MILLBROOK PROVING GROUND LIMITED,2230262,13.1,16.1
MILLIKEN INDUSTRIALS LIMITED,172105,-9.2,-14.7
MILLWARD BROWN UK LIMITED,1915514,9.6,8.1
MINDSHARE MEDIA UK LIMITED,3425312,32.2,22.2
Ministry Of Defence,,12.5,14.6
Ministry of Justice,,4.7,10.6
"MINOR,WEIR AND WILLIS LIMITED",776793,15.2,0
MINORFERN LIMITED,1363519,-8.5,-29.4
Minster Care Management Ltd.,3676785,0,0
Minsthorpe Academy Trust,7635467,22.6,42.1
Mirus-Wales,1966665,-3.7,0.4
MJ Gleeson PLC,479529,8.3,0.7
Mobile Windscreens Ltd.,1370175,0.3,-0.5
Modality Partnership,,46,116
Mole Valley District Council,,10.2,6.4
MONDELEZ EUROPE SERVICES GMBH - UK BRANCH,BR010259,21.8,15.3
MONDELEZ UK CONFECTIONERY PRODUCTION LIMITED,474310,9.9,0.7
MONDELEZ UK LIMITED,203663,5.6,8.3
MONDELEZ UK R&D LIMITED,3841804,26.2,22.2
MONTRACON LIMITED,754248,19.7,4.5
Montsaye Community Learning Partnership,7670511,30.9,50.7
MOOR END ACADEMIES TRUST ,7599308,19.1,19.5
MOORES FURNITURE GROUP LIMITED,1083749,3.9,-2.8
Moss Bros Group PLC,134995,-1.6,2.5
Moto Hospitality Ltd.,734299,10.4,3
Mott Macdonald Group Ltd.,1110949,21,20
Movianto UK Ltd.,1243938,4.9,3
MSS GROUP LIMITED,5486864,12.3,3.8
Mutual Clothing & Supply Co. Ltd.,181701,11.4,10.2
Myfresh Prepared Produce Ltd.,2767528,-3,3.8
MYPAY LIMITED,6425704,-11.4,-21.9
N. Notaro Homes Ltd.,1782770,0,0
National Association Of Citizens Advice Bureaux(The),1436945,17.7,23.9
National Audit Office,,10.6,11.3
National Church Institutions,8776679,27,41
National Council Of Young Men's Christian Associations(Incorporated)(The),73749,25.4,5
national employment savings trust,,17.4,24.2
NATIONAL EXHIBITION CENTRE LIMITED (THE),979395,10.1,7.1
NATIONAL FOOTBALL CENTRE LIMITED,2523346,-9.4,1.5
National Grid Electricity Transmission PLC,2366977,5.8,14.5
NATIONAL GRID GAS PLC,2006000,5.5,-0.6
NATIONAL GRID UK LIMITED,4508773,5.2,1.9
National Heritage Memorial Fund,,12.1,18.6
National Institute For Health And Care Excellence,,4.9,6.4
National Portrait Gallery,,8.3,13.1
National Society For The Prevention Of Cruelty To Children,RC000374,14.7,9.2
NATS (EN ROUTE) PUBLIC LIMITED COMPANY,4129273,16.4,17.7
NATS (SERVICES) LIMITED,4129270,19.8,23.5
Natural Resources Wales,,5.5,1.7
Naylor Drainage Ltd,342010,-15,-5
Naylor Industries PLC,2908579,-15,-5
NCO EUROPE LIMITED,3122581,8.2,0
Neovia Logistics Services (U.K.) Ltd.,2136514,1.3,0.3
Network Rail Infrastructure Ltd.,2904587,7,11
NEW BALANCE ATHLETIC SHOES (U.K.) LIMITED,1616165,20,-5
New Charter Housing Trust Ltd.,3807262,8.4,-2.6
New College,,11.8,29.7
New College Durham,,13.2,25.6
NEW ENGLAND SEAFOOD INTERNATIONAL LIMITED,2565953,12.7,0.1
New Forest District Council,,7,-9.5
NEW LOOK RETAILERS LIMITED,1618428,30,20.9
Newcastle City Council,,4.5,6.7
NEWSQUEST (HERALD & TIMES) LIMITED,SC011138,18,17
NEWSQUEST MEDIA GROUP LIMITED,1676637,12,7
NEXEN PETROLEUM U.K. LIMITED,1051137,23.8,18.2
NHS Digital,,16.1,14.1
NHS Resolution formerly NHS Litigation Authority,,8.3,8.1
Niab.,3395389,7.5,1.5
NICE-PAK INTERNATIONAL LIMITED,2119397,8.1,3.5
Niftylift Ltd.,1264184,-0.3,0.4
Nmb-Minebea UK Ltd,2194706,3.1,-22
Norfolk County Council,,6.8,9.7
NORGINE LIMITED,215668,28.3,15.5
North Ayrshire Leisure Ltd.,SC202978,10.5,0.2
North East Autism Society,2859620,1.7,-2.1
North East London Nhs Foundation Trust,,41,15.4
North Midland Construction PLC,425188,19.6,21.8
NORTH WEST COMMUNITY SERVICES (MERSEYSIDE) LIMITED,2021425,-7,0
Northampton General Hospital Nhs Trust,,30,9.5
Northeast Derbyshire Council,,9.7,8.8
NORTHERN LIFE CARE LIMITED,1867042,2.1,1.6
Northern Schools Trust,5067702,-9.3,-1.9
NORTON HEALTHCARE LIMITED,947980,1.5,9
Norwood Schools Ltd.,516901,-5.1,-0.5
NOTCUTTS LIMITED,393104,18.5,0.1
NOTTING HILL HOUSING TRUST,IP16558R,25.8,19.8
NOTTINGHAM CITY HOMES LIMITED,5292636,15.4,22.3
Nottingham Citycare Partnership Cic,7548602,-5.5,-26.7
Nottingham Community Housing Association 2014 Ltd.,IP20614R,19.8,23.4
Nottinghamshire Police,,12,11.6
Novartis Grimsby Ltd.,170180,7.1,14.3
Novartis Pharmaceuticals UK Ltd.,119006,10.8,8.6
Nower Hill High School,7690023,11.2,18.6
NPOWER LIMITED,3653277,19,13
NPOWER YORKSHIRE LIMITED,3937808,-9,10
nugent,,10.3,13.6
NUMATIC INTERNATIONAL LIMITED,773331,25.9,4.3
N-VIRO LIMITED,3032719,6.1,-1.9
NWF AGRICULTURE LIMITED,1117234,25.5,23.6
NWF FUELS LIMITED,1117133,8.4,9.9
NWF Group PLC,2264971,15.8,15.1
Oakham School,6924216,19.2,30.3
OAKWOOD DISTRIBUTION LIMITED,5721635,26.5,12
OASIS DENTAL CARE LIMITED,478127,49.3,35.3
Ocado Group PLC,7098618,-1.4,-1.9
OCEAN LEARNING TRUST ,9628750,35.9,55
OCTOPUS CAPITAL LIMITED,3981143,38.1,40.3
"Office For Standards In Education, Childrens Services And Skills",,8.1,2.3
Ofgem,,5.8,5.8
Oil States Industries (UK) Ltd.,SC163254,14.5,10.4
Oldham Care And Support Ltd,8445791,1.9,11.9
OLDHAM COMMUNITY LEISURE LIMITED,IP29372R,-5.8,-11.2
Oliver Bonas Ltd.,3799350,9.6,1.4
OMAR PARK HOMES LIMITED,6860361,-2,-3
One Call Recruitment Ltd.,3683143,0.9,0
ONE HOUSING GROUP LIMITED,IP20453R,17.8,0.2
ONE STOP STORES LIMITED,2462858,9.6,3.2
ONE YMCA ,4430743,14,16
ONECOM LIMITED,4031272,21.1,16.7
OPTIMUM GROUP SERVICES PLC,2379290,16,17
ORANGE GENIE COVER LIMITED,4896166,14.2,1.3
ORIGIN HOUSING LIMITED,IP10008R,4.1,-1.6
ORWELL HOUSING ASSOCIATION LIMITED,IP16460R,18.1,14.7
OSR RECRUITMENT SERVICES LIMITED,3860355,2.2,1.6
Outlook Care,IP26988R,10.4,4
Outokumpu Stainless Ltd.,2794127,2.6,22.7
Ove Arup & Partners International Ltd.,952468,17.4,16.7
OXFORD ARCHAEOLOGY LIMITED,1618597,5.2,0
Oxford Diocesan Schools Trust,8143249,17.8,23.7
OXFORD INSTRUMENTS NANOTECHNOLOGY TOOLS LIMITED,704320,10.8,19.9
P A S (GRANTHAM) LIMITED,1568027,9,3.6
P.H. JONES FACILITIES MANAGEMENT LTD,1606880,27.2,34.8
Pacific Care Ltd.,SC174016,0,0
Panalpina World Transport Ltd.,357697,23.9,10.7
PANELTEX LIMITED,2607586,-3.8,2.5
Paradigm Trust,8469218,12.4,10.2
PARASOL LIMITED,3940716,2.2,-2
Parkinson's Disease Society Of The United Kingdom,948776,12.3,5.9
Paultons Park Ltd.,2029374,13.2,5.9
PDSA,,28.5,44.3
PEARMAIN PUBS LTD,6342120,19.7,22.7
PEARSON EDUCATION LIMITED,872828,8,3
PEARSON MANAGEMENT SERVICES LIMITED,96263,32,33
PEARSON PROFESSIONAL ASSESSMENTS LIMITED,4904325,11,0
PEARSON SHARED SERVICES LIMITED,4623186,41,60
Peartree Cleaning Services Holdings Ltd.,8786814,0,0
Pendle Borough Council,,-5.5,-36
Peninsula Learning Trust,7565242,35.2,59.8
PENNYHILL PARK LIMITED,1654812,5.7,4
Penumbra,SC091542,4.6,0
PEOPLE IN ACTION ,2486564,7,6
PEPSICO INTERNATIONAL LIMITED,1521219,23.6,25.8
PERSONA CARE AND SUPPORT LIMITED,9725580,4.7,0
PETER COX LIMITED,2438126,27,23
Peter Symonds College,,10.4,32.5
PGL TRAVEL LIMITED,1191534,4.9,-6
PHASE EIGHT (FASHION & DESIGNS) LIMITED,1735454,64.8,54.5
Picturehouse Cinemas Limited,2310403,2.7,0
PINSENT MASONS SERVICES LIMITED,7640706,22.4,22.4
Planet Organic Ltd.,3826282,7.6,3
Plymouth Cast,8438686,35,7
POLYPIPE LIMITED,1099323,22,14.8
Poole High School,,20.9,36.3
PORK FARMS CASPIAN LIMITED,9104836,4.5,5.8
PORK FARMS LIMITED,5998346,5.9,1.2
Porthaven Group Holdings Ltd.,7677720,0,0
Portico Academy Trust,9952066,18,17
Portsmouth City Council,,11,15
Portsmouth Water Ltd.,2536455,14.7,13.1
Pramacare,2359751,13.8,-0.7
PRAXAIR SURFACE TECHNOLOGIES LIMITED,2416734,14.8,10.6
Precise Media Monitoring Ltd,3247942,11.7,2.1
PRECI-SPARK LIMITED,661746,18.1,18.4
PREMIER FOODS GROUP LIMITED,281728,10,12.2
Premium Support Services Ltd.,7323785,2.3,0.1
Preston City Council,,3.2,0
Preston Manor Academy Trust,8359584,9.6,21
PRICEWATERHOUSECOOPERS LLP,OC303525,33.1,34.4
PRICEWATERHOUSECOOPERS SERVICES LIMITED,728502,12,13.1
PRINCESS ALICE HOSPICE,1599796,-0.5,-3.6
Proactive Personnel (West Midlands) Ltd.,4056480,-0.5,6.3
Proactive Personnel Ltd.,3807344,-2.1,-1.8
PROJECT MANAGEMENT (STAFFORDSHIRE) LIMITED,1620399,-15.9,-19.1
PRO-PAK FOODS LIMITED,3556653,15.8,12
PROSPECTS SERVICES ,3042176,12,1.2
PRS FOR MUSIC LIMITED,3444246,17.2,11.5
Q V FOODS LIMITED,2267537,17.9,13.5
Quadrant Catering Ltd.,3511995,5.2,3
Quartzelec Ltd,2364716,27,25
R & R.C.BOND (WHOLESALE) LIMITED,1024495,-6.1,-10.9
R E PEOPLE LIMITED,5506226,3,0
R E Personnel Ltd.,4301078,2,0
RABOBANK LONDON,BR002630,20.2,22.2
RADIAN CAPITAL PLC,7890812,12.8,15.7
RADIAN GROUP LIMITED,3482228,12.8,15.7
RAPPORT HOUSING AND CARE,908333,15,0
RAWLE GAMMON & BAKER HOLDINGS LIMITED,308273,3.2,2.6
Reach Contact Ltd.,1226337,12.3,3.2
READING SCIENTIFIC SERVICES LIMITED,741326,19.1,18.1
Realise Futures Cic,7828443,-25.2,-14.9
Rectella Ltd.,430344,54.2,88
RED EAGLE LIMITED,5288420,0.1,0
Redhall Group PLC,263995,22.8,9.6
REFLEX LABELS LIMITED,3708517,12.7,18.1
REGAL AMUSEMENT MACHINE SALES LIMITED,3329800,7,9
Regis UK Ltd.,2603786,40.9,24.5
Registers of Scotland,,4,0
Regular Cleaning Services Ltd.,2708722,0.4,4.9
Reigate Sixth Form College,,11,8.3
RENAISSANCE CARE (NO1) LIMITED,SC402097,-3.8,0
RENROD LIMITED,1210595,1.4,13.1
RENTOKIL INITIAL 1927 PLC,224814,26,18
RENTOKIL INITIAL UK LTD,301044,0,2
Restaurant Group (The) PLC,SC030343,10.7,6.3
RETHINK MENTAL ILLNESS LTD,4570581,9.6,0
RETIREMENT VILLAGES GROUP LIMITED,5335724,19.4,4.1
REVENUE & CUSTOMS DIGITAL TECHNOLOGY SERVICES LIMITED,9679225,4.6,9.3
RFT REPAIRS LIMITED,8341166,10.4,12.9
Rhubarb Food Design Ltd.,3632492,7,1
RIBBON ACQUISITION LIMITED,5385882,11,0
Richard Wellock & Sons Ltd.,4296795,11.6,2.8
RICHMOND VILLAGES OPERATIONS LIMITED,4779288,23,7.5
Rider Levett Bucknall UK Ltd.,4653580,28.1,32.7
Ridge And Partners LLP,OC309402,29,34
RIDGE SURVEYORS LIMITED,3098448,29,34
Rightmove Group Ltd.,3997679,30.6,37
RING AND RIDE WEST MIDLANDS LIMITED,8355288,0,0
Risedale Estates Ltd.,1974198,10,8.5
RITZ HOTEL (LONDON) LIMITED(THE),64203,5.9,6
RIver Learning Trust,,22.9,39
Rivington and Blackrod High School,,17.3,36
RIXONWAY KITCHENS LIMITED,1382317,14.3,13.8
RM PROPERTY AND FACILITIES SOLUTIONS LIMITED,4235613,28,27
Rnib Charity,8971500,10.3,0
Robert Gordon's College,SC000123,5.2,-7.9
ROHAN DESIGNS LIMITED,1567549,8.8,-0.7
Rolls-Royce Marine Power Operations Ltd.,620485,8,8.2
Rolls-Royce PLC,1003142,6.3,6.3
Rolls-Royce Power Engineering PLC,1305027,11.1,12.3
Rossall School,RC000435,2.2,-1.7
ROTORK CONTROLS LIMITED,608345,21.8,0.3
ROTORK UK LIMITED,1090344,-12.6,3
ROWE FARMING LIMITED,5291852,22.1,18.9
Royal Berkshire Fire & Rescue Service,,7.6,3.7
ROYAL BLIND ASYLUM AND SCHOOL EDINBURGH,RC000449,3.6,-14.8
ROYAL BRITISH LEGION INDUSTRIES LTD.,158479,7.3,-23
Royal Garden Hotel Ltd.,3045114,16,16
Royal Institution Of Chartered Surveyors,RC000487,29.2,27.6
ROYAL MAIL GROUP LIMITED,4138203,-2.1,1.5
Royal Mencap Society,550457,4.5,2.5
Royal National Institute Of Blind People,RC000500,11.5,11.8
Royal National Lifeboat Institution,RC000503,0.7,-1.7
Royal Orthopaedic Hospital,RC000510,34.8,25.9
Royal Society For The Protection Of Birds,RC000521,17.3,20.2
RPMI LIMITED,2315380,42.8,33.7
Rrg Group Ltd.,1053351,50.2,35.1
RS COMPONENTS LIMITED,1002091,30,30
RSK ADAS LIMITED,10486936,20.8,13.2
RSK ENVIRONMENT LIMITED,SC115530,12.2,14.9
RSM UK Tax and Accounting Limited,6677561,16.2,16.7
RUSHCLIFFE CARE LIMITED,2753596,2,0.6
Rushmoor Borough Council,,11.5,8.8
Rwe Generation UK PLC,3892782,11,8.4
RWE SUPPLY & TRADING GMBH,BR007373,40.7,35.4
Rygor Holdings Ltd.,6506121,21.9,26.6
S & B Commercials PLC,1635078,10.5,6.4
S.G. PETCH LIMITED,2479069,21,21.9
SACO THE SERVICED APARTMENT COMPANY LIMITED,7638220,33.8,18.7
SADLER'S WELLS TRUST LIMITED,1488786,1.6,0
Saffron Academy Trust,7618351,23.1,52.7
SAFTDWIN LIMITED,1426887,22.5,13.6
Sage (UK) Ltd,1045967,4.3,0.1
Sage Group (The) PLC,2231246,27.8,20.5
Saint Elizabeth's School,,-2.7,-2.3
Saint Francis Hospice,1367828,-21.6,-43.3
Saint John Of God Hospitaller Services,5324279,-1.5,-0.1
SAINT NICHOLAS OWEN CATHOLIC MULTI ACADEMY COMPANY,9174154,24.5,43.7
Salford Community Leisure Ltd.,IP29627R,2.5,-0.4
SALIX HOMES LIMITED,6005412,-0.2,-15.7
Santander Consumer (UK) PLC,2248870,32.4,22.1
SANTANDER UK OPERATIONS LIMITED,4137550,10,5.8
Santander UK PLC,2294747,37.1,29.1
SARIA LIMITED,547564,14.9,15.5
Scarborough Borough Council,,-1,-11.4
Scope,520866,11,0
SCOT GROUP LIMITED,1425565,2,-7.3
SCOTTISH HYDRO ELECTRIC POWER DISTRIBUTION PLC,SC213460,20.7,20.1
SCOTTISH HYDRO ELECTRIC TRANSMISSION PLC,SC213461,33.4,36.1
SCOTTISH WAR BLINDED ,CS002656,-7.8,-9.8
SCOTTISH WIDOWS SERVICES LIMITED,SC189975,19.5,16.5
SCREWFIX DIRECT LIMITED,3006378,7.1,5.7
SEA CONTAINERS HOTEL LIMITED,7753407,13.4,3.2
SEETEC BUSINESS TECHNOLOGY CENTRE LIMITED,2291188,18.3,10.8
Sefton New Directions Ltd.,6052757,-7.7,0
SENATOR INTERNATIONAL LIMITED,1323955,20,0
SENSE SCOTLAND,SC147570,2.6,0
SEQUENCE CARE LIMITED,6259354,11,9
SERCO LEISURE OPERATING LIMITED,4687478,11.1,9.2
SERCO LIMITED,242246,16,12.6
Serious Fraud Office,,11.7,13.5
Sesame Services Ltd.,2338540,23.4,33.7
SEVERN TRENT WATER LIMITED,2366686,2.4,14.6
SHANGRI-LA HOTELS PTE LIMITED,1751095,7.2,8.9
Sheffcare Ltd.,2538734,0,0
SHELL INTERNATIONAL LIMITED,3075807,31.5,25.7
SHELL INTERNATIONAL PETROLEUM COMPANY LIMITED,621148,21.7,16.5
SHELL INTERNATIONAL TRADING AND SHIPPING COMPANY LIMITED,525037,18,24
Shell Research Ltd.,539964,32.1,26.5
SHELL SHARED SERVICE CENTRE - GLASGOW LIMITED,3932110,11.3,3.7
SHELL U.K. LIMITED,140141,19.2,22.7
Shell U.K. Oil Products Ltd.,3625633,13.3,12.2
Sherborne Upholstery Ltd.,520353,23.1,13.1
SHIN-ETSU HANDOTAI EUROPE LIMITED,SC087947,13.7,9.8
SHOOSMITHS LLP,OC374987,15.4,13
Shrewsbury Colleges Group,,5.3,12.7
SIMMONS (BAKERS) LIMITED,421255,18.6,13.4
SIMS GROUP UK LIMITED,3242331,2.9,0.8
Sir John Deane's Sixth Form College,,11.5,22.8
"SIR JOHN FITZGERALD,LIMITED",214158,13.4,0
SIX CONTINENTS LIMITED,913450,41.4,39.1
SMART Multi Academy Trust,10257723,19.2,36.3
SMARTWORK.COM LTD,4207299,5.9,5
Smh Fleet Solutions Ltd.,4526612,7,8
SMITH & REED RECRUITMENT (SW) LIMITED,6610875,-4.4,-3.6
Social Care Solutions Ltd.,6404664,-1.9,2.1
SOCIAL INTEREST GROUP,9122052,-3.8,10.1
SOCIETY OF LICENSED VICTUALLERS,RC000569,17.9,18.3
Sodexo Ltd,842846,13.6,11.2
Sodexo Remote Sites Scotland Ltd.,SC059276,16.2,18.7
Sogeti UK Ltd.,4268004,7.8,0.7
Solent Pizza Delivery Ltd.,2289394,5.9,6
Solent Pizza W Ltd.,7757466,3.7,6
South & City College Birmingham,,11.7,30.7
South Bucks District Council,,8.3,10.4
South Cambridgeshire District Council,,-4.9,-17.1
South Essex Special Needs Housing Association Ltd.,IP25999R,1.6,-0.3
South Gloucestershire Council,,11.8,12
South Wales Fire & Rescue Service,,17.5,16.3
SOUTHDOWN HOUSING ASSOCIATION LIMITED,IP20755R,3.7,0
SOUTHERN ELECTRIC POWER DISTRIBUTION PLC,4094290,14.6,18.7
Southside Partnership,2599171,2.9,0
SPAGHETTI HOUSE RESTAURANTS GROUP LIMITED,5670290,1,0
SPIRAX-SARCO LIMITED,509018,24.4,26.8
SPS (EU) HOLDINGS LIMITED,8785395,1,5
SSE CONTRACTING LIMITED,2317133,21.3,20.9
SSE ENERGY SUPPLY LIMITED,3757502,8.9,-3.8
SSE GENERATION LIMITED,2310571,25.5,27
SSE HOME SERVICES LIMITED,SC292102,24.9,24.6
SSE METERING LIMITED,SC318950,-5.8,0
SSE PLC,SC117119,22,19.3
SSE SERVICES PLC,2366879,26.5,29.5
Ssl Group (UK) Ltd.,9381613,31,23.2
ST ANDREWS BREWERS LIMITED,SC415244,-5,6
St Barnabas Hospice Trust (Lincolnshire),3166056,5,-1
St Barnabas Hospices (Sussex) Ltd,930107,4.5,-2.7
St Bartholomew's School,,9.7,19.9
St Bede's and St Joseph's Catholic College,,19.6,35.7
ST BENEDICT'S SCHOOL EALING,8093330,19.9,27.7
St Brendan's Sixth Form College,,10,24
ST CUTHBERT'S CARE,1645917,0.3,-0.5
St Francis Of Assisi Academies Trust,8462151,22,7
St Gilbert Of Sempringham Catholic Academy Trust,8462512,21.3,21.4
St Helen's Metropolitan Borough Council,,8.7,6.9
St Ivo School,7703797,20,26
St Leger Homes Of Doncaster Ltd.,5564649,7.8,7.6
ST MUNGO COMMUNITY HOUSING ASSOCIATION,8225808,-1.1,0.1
St Peter's Hospice,1191227,7.6,-2.9
ST PHILIPS CARE CALEDONIA LIMITED,7013330,10.2,0.6
ST. ANN'S HOSPICE,947220,3.9,-5.4
ST. LUKE'S HOSPICE PLYMOUTH,1505753,2,-10
St.Christophers Fellowship,321509,-1.9,-1
St.Helen's School Northwood,420867,4.7,4.9
Staff Select Ltd,2845770,4.2,2.2
Standard Chartered Bank,ZC000018,30.4,31.4
Standard Chartered PLC,966425,30.4,31.4
STANSTED AIRPORT LIMITED,1990920,11.6,7.9
STAPLETON'S (TYRE SERVICES) LIMITED,332098,-21.4,-24.9
STELRAD LIMITED,2263368,12,19.2
Step Academy Trust,7612865,31,40
STOCK BROOK MANOR (GOLF CLUB) LIMITED,2535759,8.9,0
Stockport Metropolitan Borough Council,,2.8,1.8
STOCKVALE INVESTMENTS LIMITED,6765451,0,0
Stratford-On-Avon District Council,,20.6,26.2
STRATHCARRON HOSPICE,SC068503,4.9,-5.6
STRATHCARRON HOSPICE RETAIL LIMITED,SC357640,4.9,-5.6
Strevens Vehicles Holdings Ltd.,2692287,22.9,21.1
Stroud District Council,,14,17.2
Style Acre,4906985,14.2,0
Styles & Brown Ltd,3507847,10,5
Summit Recruitment Ltd.,9304744,0,0
SUMMIT RESTAURANTS LIMITED,SC239965,0.1,0
SUN CHEMICAL LIMITED,2647054,21.9,21.3
SUN HEALTHCARE LIMITED,4220821,8.1,6.2
Support For Living Ltd.,IP27062R,4.8,7.1
Surface Technology International Ltd.,2292621,19.7,11.7
Surrey Heath Borough Council,,8.3,12.4
Surrey Satellite Technology Ltd.,1916260,7.4,16.5
Sussex Coast College,,15.6,14.8
SUSTRANS LIMITED,1797726,9.5,6
Swale Borough Council,,16.9,21
Swallowfield PLC,1975376,2.2,5.2
SWANN-MORTON LIMITED,696744,36.6,33.3
SWANTON CARE & COMMUNITY LIMITED,5789785,-5.9,0.1
SWECO SERVICES UK LIMITED,2707426,24.8,25.6
Sweet Dreams (Nelson) Ltd.,2322358,-46.4,-4.7
Swift Office Cleaning Services Ltd,4595752,1.7,0
Sydenhams Ltd,168966,10,9
Symphony Learning Trust,7941899,24.1,37.2
Syntel Europe Ltd.,3227061,12.3,4.9
T Brown Group Ltd.,1006630,22.6,24.7
T. QUALITY LIMITED,437914,9.6,9.4
T.R. Fastenings Ltd.,1103675,2.6,-2.2
Talktalk Group Ltd.,6534112,14.6,14.1
Tandridge District Council,,9.4,14.7
TATA CHEMICALS EUROPE LIMITED,2607081,-11,1
TAYLOR WESSING SERVICES LIMITED,7466427,13.5,32.8
TEES ACTIVE LTD,IP29699R,-4.5,-20.6
Telefonica UK Ltd.,1743099,18.6,20.2
Tendring District Council,,-5.2,-13.6
Tenet Group Ltd.,3909395,28,32
TENNECO-WALKER(U.K.)LIMITED,985395,-14.9,-2.3
TENPIN LIMITED,4789703,17.5,2.7
Tes Global Ltd.,2017289,24.7,20.8
TESCO FAMILY DINING LIMITED,8514605,8.3,0
TESCO MAINTENANCE LIMITED,6003554,-47.2,-30.1
Tesco Personal Finance PLC,SC173199,29.2,14.6
TESCO STORES LIMITED,519500,11.5,8.4
THAMES WATER UTILITIES LIMITED,2366661,13.3,15.4
Thanet District Council,,-1.2,5.8
The Action Group,SC105634,2.7,7
The Active Learning Trust Ltd.,7903002,29.1,29.4
THE ALAN NUTTALL PARTNERSHIP LIMITED,1191211,12.2,0.4
THE ALDINGBOURNE TRUST,1385053,1.1,-2
The Aquinas Catholic Academy Trust,8901256,19.9,33.3
THE AUTOMATED TECHNOLOGY GROUP LIMITED,3109235,22,17.8
The Bartrum Group Ltd.,2829124,0,0
"The Bedfordshire, Northamptonshire, Cambridgeshire And Hertfordshire Community Rehabilitation Co. Lt",8802546,2.5,3.9
The Best Connection Group Ltd.,2600534,6.7,2.1
The Big Life Co. Ltd.,4227431,10.4,14.3
THE BOARD OF THE PENSION PROTECTION FUND,,24.9,20.4
The Boston Consulting Group UK LLP,OC359103,26.4,35.2
"The Bristol, Gloucestershire, Somerset And Wiltshire Community Rehabilitation Co. Ltd.",8802537,7.6,1
The British Library,,6.2,1.8
The British Museum,,0,-4
THE CELTIC MANOR RESORT LIMITED,8428620,12.9,8.3
The Challenger Multi Academy Trust,9270040,27.3,46.3
THE CHARTERED INSTITUTE OF PERSONNEL AND DEVELOPMENT,RC000758,14.9,10.8
THE CHILDCARE CORPORATION LIMITED,4125844,25,4.8
THE CHURCH OF ENGLAND CHILDREN'S SOCIETY,40004,17.3,20.8
THE CLAIMS GUYS LIMITED,6821134,-6.8,-3.9
The College of West Anglia,,11.2,19.2
The Collegiate Academy Trust,6336693,29.8,34.8
The Commission for Equality and Human Rights,,-7.5,-8.2
The Co-Operative Bank PLC,990937,30.3,22.6
The Crown Estate Commissioners,,-3,-31
The Cumbria And Lancashire Community Rehabilitation Co. Ltd.,8802569,7,3.9
THE DAUGHTERS OF CHARITY OF ST. VINCENT DE PAUL SERVICES,7638065,8.1,4.9
The David Lewis Centre,2537501,1,-2
The Diocese of Gloucester Academies Trust,8149299,31.6,50
The Diocese Of Norwich Education And Academies Trust,8737435,29.4,42.3
The Donaldson Trust,,-6.4,-15
"The Dorset, Devon And Cornwall Community Rehabilitation Co. Ltd.",8802539,5,7.6
THE EDRINGTON GROUP LIMITED,SC036374,25.5,9.8
The Education Village Academy Trust,7748248,22,13.1
The Engage Multi Academy Trust,8699493,0,0
THE ENGLISH INSTITUTE OF SPORT LIMITED,4420052,6.6,11.4
The Extracare Charitable Trust,2205136,10,18
The Financial Conduct Authority,1920623,19.3,20.9
The First Federation Trust,7819870,33.4,47.6
The Gorse Academies Trust,7465701,13.1,18.4
The Greenacre Academy Trust,7965316,28,43
The Heritage Automotive Ltd.,1660430,9.4,5.7
THE HOSPITAL OF ST JOHN AND ST ELIZABETH,2808390,2.2,-7.1
The Information Commissioner's Office,,9,0.2
THE JPM GROUP COMPANIES LTD,5504892,-0.3,1.2
"THE KENT, SURREY AND SUSSEX COMMUNITY REHABILITATION COMPANY LIMITED",8802556,0.8,2
The Labour Party,,2.5,4
THE LANCASTER LANDMARK HOTEL COMPANY LIMITED,2832349,-5.6,-0.5
The Langley Academy Trust,5358533,27,37
The Learning Academy Trust,7394649,22.5,42.4
The Manchester College,,6.3,7.2
THE MANCHESTER GRAMMAR SCHOOL FOUNDATION TRUSTEE LIMITED,9156289,15.4,17.2
The Medical Protection Society Ltd.,36142,24.5,29.5
The Midcounties Co-Operative Ltd.,IP19025R,14.6,-3.1
The National Archives,,1.1,-2
The National Assembly for Wales Commission (Comisiwn Cynulliad Cenedlaethol Cymru),,-5.7,-23.3
The National Crime Agency,,11.6,16.2
The National Gallery,,14.4,15.2
The National Maritime Museum,,2.3,-0.5
The National Trust For Places of Historic Interest or Natural Beauty,,12.8,14.4
THE NEW FIELDWORK COMPANY (INTERVIEWING) LIMITED,3010057,0,0
THE NORTHVIEW GROUP LIMITED,3050321,22.2,27.2
The Office for Nuclear Regulation,,32.9,55.3
THE OUTWARD BOUND TRUST,6748835,0,-3
The Pirbright Institute,559784,14.7,15.1
The Press Association Ltd.,5946902,0.8,0.5
The Quality Furniture Co. Ltd.,4927144,-22.1,-12.9
The Retreat York,4325622,0,0
The Rowan Learning Trust,8010464,22.4,35.9
THE ROYAL BANK OF SCOTLAND PUBLIC LIMITED COMPANY,SC090312,37.2,36.5
THE ROYAL HORTICULTURAL SOCIETY,RC000480,6.2,-0.4
The Royal Hosptal Chelsea,,16.2,5.8
The Royal Masonic Benevolent Institution Care Co.,1293566,14.4,0.1
THE ROYAL STAR & GARTER HOMES,RC000713,6.2,0
The Sandwell Community Caring Trust,3286106,3,5
THE SAVOY HOTEL LIMITED,3669255,2,3.3
The Shared Learning Trust,5958361,18,30
THE SOCIETY OF ST JAMES ,3009700,10,4
THE SOUTHERN CO-OPERATIVE LIMITED,IP01591R,10,4
The Southfield Grange Trust,7754077,21.2,34.6
The St Neots Learning Partnership,7703784,14.3,23.8
THE STEPHEN PERSE FOUNDATION,6113565,5,2
The Ted Wragg Multi Academy Trust,8545109,17.4,29.6
The Thomas Hardye Multi Academy Trust,7677838,24.9,34.6
The Two Counties Trust,7972029,14.1,22.1
The University of Salford,,14,21
The Village Academy,7738386,22.3,9
The Wales Community Rehabilitation Co. Ltd.,8802571,12.8,17
THE WELLCOME TRUST LIMITED,2711000,30,20.8
The Wensum Trust,7982312,27.3,35.7
The Wilf Ward Family Trust,7568318,1.1,-0.6
The Wilkins Group Ltd.,4872997,18.7,26.8
THE WORKSHOP (WISBECH) LIMITED,3791548,0,0
THE WREKIN HOUSING TRUST LIMITED,3558717,8.3,1.8
THIRD BRIDGE GROUP LIMITED,6263699,33.5,22.8
THOMAS SANDERSON LIMITED,4626841,-3.6,-4.6
THOMSON AIRWAYS LIMITED,555445,56.9,47.3
Three Rivers District Council,,-11,-42
TIGER U.K. (MIDLANDS) LIMITED,8702161,12.9,6
Tillery Valley Foods Ltd.,2065462,8.8,3.2
Tithegrove Ltd.,1802721,-0.3,4.8
TMD FRICTION UK LIMITED,4330235,4,11.2
Tonbridge & Malling Borough Council,,23.9,33.6
TOTAL PEOPLE LIMITED,6380764,14.7,14.1
Tove Learning Trust,7525820,16.1,26.6
TQ EDUCATION AND TRAINING LIMITED,604934,28,33
TRAC GROUP LIMITED,4441988,11.3,20.7
Tracsis PLC,5019106,23.9,15.8
TRADEBE MANAGEMENT LIMITED,4372081,8.9,-0.1
Trafford College,,6.6,1.9
TRAVELEX UK LIMITED,1985596,27,13
Trelleborg Offshore UK Ltd.,1369166,24.9,12.4
TRG LOGISTICS LTD,3974669,27,21
Trinity Multi Academy Trust,6897239,26.9,44.7
TRIPP LIMITED,2271587,2,0
Tru (Transitional Rehabilitation Unit) Ltd,2708234,0,0
Truckeast Ltd.,2771432,8.7,20.3
Truro & Penwith Academy Trust,8880841,27.3,43.5
Truro and Penwith College,,9.7,14.1
Trust In Learning (Academies),8089704,21,17.8
Trustees for Roman Catholic Purposes,,3.7,-1.5
TSB BANK PLC,SC095237,31,24
TUI AIRWAYS LIMITED,444359,56.9,47.3
TUI UK LIMITED,2830117,31.2,31.4
TUI UK RETAIL LIMITED,1456086,10.4,2.6
TULIP LIMITED,608077,11,8
TUV SUD LIMITED,SC215164,29.3,29
TVS SUPPLY CHAIN SOLUTIONS LIMITED,2748952,13,7
TWINKL LTD,7201458,2,-3
Twinmar Ltd.,763926,21,0
TWO COUNTIES CLEANING SERVICES LIMITED,4533690,2.2,0
UK Armed Forces,,0.9,0.2
UK Export Finance,,16,16.3
UK MAIL LIMITED,965783,-3.2,-1.5
UK Power Networks (Operations) Ltd.,3870728,20.1,18.3
UK Power Networks (South East Services) Ltd.,2743900,4.7,2.9
UK SHARED BUSINESS SERVICES LIMITED,6330639,20.6,19.6
UNILEVER U.K. CENTRAL RESOURCES LIMITED,29140,18.6,14.9
UNILEVER UK LIMITED,334527,-8.8,-1.3
Union Of Uea Students Ltd.,9664303,1.7,0.6
UNISYS LIMITED,103709,4.7,-0.4
Unite Integrated Solutions PLC,2402714,22.6,12.4
UNITED BISCUITS (UK) LIMITED,2506007,9.6,9.3
United Response,1133776,-1.6,0.4
United Utilities Group PLC,6559020,13.1,15.9
United Utilities PLC,2366616,36.7,16.7
UNITED UTILITIES WATER LIMITED,2366678,12.3,15.2
UNIVAR UK LIMITED,4066871,33.5,-4.5
University Of Gloucestershire,6023243,15.5,18.5
University Of Kent,RC000656,17.5,9.8
Unum European Holding Co. Ltd.,2461639,27.3,17.5
Upwood Primary School,,10.6,34.8
UTILITA ENERGY LIMITED,4849181,7.5,2.6
UTILITA TELESALES LIMITED,6484720,3.1,0
Uttlesford District Council,,-3.3,-3.3
Vacherin Ltd.,4516461,10.3,8.7
Vale Academy Trust,7674473,13,21
Van Hage & Co. (Holdings) Ltd.,618483,6.6,0
VAUXHALL MOTORS LIMITED,135767,-0.8,2.2
Veka PLC,1626563,-11.8,-5.1
VENTRUS LIMITED,7821367,20.1,34.9
Vertiv Infrastructure Ltd,913511,33,23
VICTREX MANUFACTURING LIMITED,2845018,0.6,13.5
VIRGIN MEDIA LIMITED,2591237,9,17.4
VIRGIN MONEY PLC,6952311,32.5,38.4
Vision Academy Learning Trust,,21.9,41.5
Vision Security Group Ltd.,3892575,-2.2,1
VITA CELLULAR FOAMS (UK) LIMITED,621497,16.9,16.7
Vivacity Culture And Leisure,7171668,-2.4,-2.8
Vivienne Westwood Ltd.,2682271,9,0
VODAFONE GLOBAL ENTERPRISE LIMITED,2844851,12.6,17.1
VODAFONE GROUP SERVICES LIMITED,3802001,14.6,7.1
VODAFONE LIMITED,1471587,17.2,18.3
Voestalpine Metsec PLC,1551970,18.2,4.7
Voluntary Service Overseas,703509,5.9,4.5
W. & G. HARRISON LIMITED,1032929,18.6,10.1
Wales & West Housing Association Ltd.,IP21114R,13.5,17.7
WALES HIGH SCHOOL ACADEMY TRUST ,7372160,12.8,21.1
WALKERS SNACK FOODS LIMITED,2333074,-8.1,10.1
WALKERS SNACKS (DISTRIBUTION) LIMITED,3566410,-22.2,-12.9
WALKERS SNACKS LIMITED,3474989,5,-10
Walter Davidson & Sons Ltd.,SC029652,0,0
Warrington Borough Council,,17.9,15
WARWICK STUDENTS' UNION ,7297865,5.9,5.6
Warwickshire College,,16.6,22.9
Wasdell Packaging Ltd.,956939,28,4
Washwood Heath Multi Academy Trust,8531479,11.9,28.8
WATERFIELDS (LEIGH) LIMITED,337210,14.2,6.8
WATERLOO HOUSING GROUP LIMITED,IP28274R,12.1,4.9
WATSON-MARLOW LIMITED,2481019,6.5,18.8
Watt Brothers (Glasgow And Edinburgh) Ltd.,SC009379,0,0
Wcf Ltd.,2263148,15.5,27.3
WCS CARE GROUP LIMITED,2713150,15.9,0
WEETABIX LIMITED,267687,5.4,4.9
WELCOME BREAK HOLDINGS LIMITED,3290817,7.6,0.6
WELLINGBOROUGH SCHOOL,4931009,17.7,26.7
Wernick Hire Ltd.,633778,-0.7,-8.8
Wesc Foundation,6938379,14.6,1.4
"WESCO AIRCRAFT EMEA, LTD.",10131931,7.8,-1.5
WESSEX ARCHAEOLOGY LIMITED,1712772,6.9,2.1
WESSEX GARAGES HOLDINGS LIMITED,2639755,36,32
WESSEX WATER SERVICES LIMITED,2366648,7.3,4.4
West Kent College,,8.3,9.3
West Midlands Combined Authority,,6.5,5.7
West Yorkshire Fire and Rescue Service,,12,8
WESTCOAST LIMITED,1816587,26,8
Western Isles Hospital,SC405791,21.4,7.6
Western Power Distribution PLC,9223384,9,10.5
WESTFIELD EUROPE LIMITED,3912122,32.5,33.7
Westlea Housing Association Ltd.,IP28095R,6.9,11.5
Westminster Abbey,,2,-11.6
Weymouth and Portland Borough Council,,16.9,15.5
Weymouth College,,9.4,11.1
WHITBREAD GROUP PLC,29423,14.8,6.6
White & Co PLC,52204,-6.2,-10.8
White Stuff Ltd.,2319237,30,10
White Woods Primary Academy Trust,8589470,15.1,3.5
Whp Telecoms Ltd.,3601208,29,29
Wigan Leisure And Culture Trust,4624607,8.8,3.8
WILLIAM HILL PLC,4212563,17.2,5.7
Wiltshire College,,9.8,9.9
Winckworth Sherwood LLP,OC334359,-5.2,-0.7
Windsor Learning Partnership,9409109,24.8,41.5
Wirral Met College,,3.1,0
Wirral Metropolitan College,,3.1,0
Wizard Staff Solutions Ltd,9870615,0,0
Woking Borough Council,,22.5,15.6
Wolseley UK Ltd.,636445,2.4,0.9
Wolverhampton Homes,,12,17
WOOD GREEN ANIMAL SHELTERS,2073930,14,7
WOOD GROUP INDUSTRIAL SERVICES LIMITED,5159696,14.6,19.2
WOOD GROUP KENNY UK LIMITED,2331383,28.5,26
WOOD GROUP UK LIMITED,SC296737,16.6,23.1
Woodard Academies Trust,6415729,26,20
Working Links (Employment) Ltd.,3943678,23.7,8.9
WORLDPAY (UK) LIMITED,7316500,33,40
WPP 2005 LIMITED,1003653,42.2,32.8
Wright's Pies (Shelton) Ltd.,526954,0,0
Wycombe District Council,,9.7,10.8
WYNDEHAM BICESTER LIMITED,6941589,16,25.8
WYNDEHAM ROCHE LIMITED,720976,27.6,29.6
Wyre Council,,1.4,1.6
Wyre Forest District Council,,-10.3,-12.5
WYTHENSHAWE COMMUNITY HOUSING GROUP LIMITED,8198590,3.5,13.2
XOSERVE LIMITED,5046877,7.3,1
Yellow Dot Group Ltd.,5463277,-35.4,-80.6
YELLOW DOT LIMITED,4985737,-35.4,-80.6
YEOMANS LIMITED,1937745,46.8,23.4
Yeovil College,,15.9,16.5
YHA (ENGLAND AND WALES),282555,9.7,0
Yorkshire Building Society,MUT00001,31,28.6
YORKSHIRE HOUSING LIMITED,IP030443,7.5,16.8
YOUNG & RUBICAM GROUP LIMITED,390845,18.4,14.6
Your Homes Newcastle Ltd.,5076256,-4.6,-16.5
YOUR LEISURE KENT LIMITED,IP28889R,-18.4,-0.7
YPO,,-2.8,-10.3
ZPG PLC,9005884,27.8,17.5
Zurich Employment Services Ltd.,243883,30,33.7
Zurich UK General Services Ltd.,3843124,25.9,26.3